departure_datetime,origin,destination,airline,price_eur,num_stops,travel_time_minutes,days_left
2026-09-27 16:50:00,AGP,VIE,"SWISS, Austrian",360,1,960,0
2026-09-28 15:45:00,MAD,AUH,Qatar AirwaysIberia,517,1,640,1
2026-09-28 21:25:00,TFS,MAD,Iberia,71,0,170,1
2026-09-29 17:45:00,AGP,VIE,"Lufthansa, Austrian",305,1,320,2
2026-10-01 13:50:00,AGP,VIE,Austrian,252,0,185,4
2026-11-11 07:40:00,AUH,MAD,"Turkish Airlines, Air Europa",364,1,850,45
2026-11-11 20:05:00,DPS,AUH,"Garuda Indonesia, Etihad",827,1,775,45
2026-11-12 05:20:00,AUH,MAD,Qatar Airways,397,1,690,46
2026-11-12 14:35:00,DPS,AUH,"Garuda Indonesia, Etihad",827,1,755,46
2026-11-12 16:30:00,MAD,TFS,Binter Canarias,138,1,450,46
2026-11-23 16:10:00,AUH,MAD,EgyptAir,352,1,40,57
2026-11-23 20:05:00,DPS,AUH,"Garuda Indonesia, Etihad",827,1,775,57
2026-11-24 14:05:00,AUH,MAD,Etihad,588,0,480,58
2026-11-24 14:35:00,DPS,AUH,"Garuda Indonesia, Etihad",827,1,755,58
2026-12-22 09:35:00,VIE,AGP,Austrian,188,0,200,86
2026-12-23 06:10:00,VIE,AGP,"Austrian, Discover AirlinesLufthansa",505,1,290,87
2027-01-05 17:40:00,AGP,VIE,Business Class,555,1,315,100
2027-01-06 06:05:00,AGP,VIE,Air France,436,1,355,101
2027-01-07 16:20:00,AGP,VIE,"SWISS, Austrian",251,1,350,102
